Date,Entry_id,Temperature,Turbidity,Dissolved_Oxygen,pH,Ammonia,Nitrate,Fish_Length,Fish_Weight
2021-06-25 15:48:59,1,-127.0,100,0.0,15.45166,0.0,0,13.45,27.6
2021-06-25 15:49:19,2,-127.0,100,0.0,15.45166,0.0,0,13.45,27.6
2021-06-25 15:50:16,3,27.125,100,0.0,6.01411,0.0,139,13.45,27.6
2021-06-25 15:51:50,4,27.3125,100,0.0,6.03227,0.0,131,13.45,27.6
2021-06-25 15:52:10,5,27.25,100,0.0,6.03681,0.0,133,13.45,27.6
2021-06-25 15:52:30,6,27.25,100,0.0,5.87339,0.0,130,13.45,27.6
2021-06-25 15:52:50,7,27.25,100,0.0,6.04135,0.0,126,13.45,27.6
2021-06-25 15:53:09,8,27.25,100,0.0,6.04135,0.0,114,13.45,27.6
2021-06-25 15:53:29,9,27.25,100,0.0,6.03681,0.0,128,13.45,27.6
2021-06-25 15:53:48,10,27.25,100,0.0,6.03681,0.0,116,13.45,27.6
2021-06-25 15:54:08,11,27.25,100,0.0,6.05043,0.0,129,13.45,27.6
2021-06-25 15:54:29,12,27.25,100,0.0,6.05043,0.0,128,13.45,27.6
2021-06-25 15:56:02,13,27.25,100,4.942,6.01865,0.0,158,13.45,27.6
2021-06-25 15:56:22,14,27.1875,100,1.83,6.04135,1e-05,141,13.45,27.6
2021-06-25 15:57:18,15,27.125,100,2.865,6.01411,0.0,123,13.45,27.6
2021-06-25 17:28:46,16,27.125,100,4.66,6.02319,0.0,128,13.45,27.6
2021-06-25 17:29:06,17,27.125,100,0.0,6.02319,0.0,309,13.45,27.6
2021-06-25 17:29:26,18,27.125,100,0.0,6.03681,0.0,251,13.45,27.6
2021-06-25 17:30:59,19,27.1875,100,13.56,6.07312,0.0,72,13.45,27.6
2021-06-25 17:31:19,20,27.125,100,0.0,6.05043,0.0,194,13.45,27.6
2021-06-25 17:32:15,21,27.1875,100,4.464,6.03681,0.0,87,13.45,27.6
2021-06-25 17:33:12,22,27.125,100,12.301,6.0822,1e-05,65,13.45,27.6
2021-06-25 17:34:08,23,27.125,100,5.246,6.02319,0.0,75,13.45,27.6
2021-06-25 17:34:28,24,27.125,100,0.0,6.02319,0.0,114,13.45,27.6
2021-06-25 17:34:48,25,27.1875,100,0.0,6.00957,0.0,99,13.45,27.6
2021-06-25 17:35:07,26,27.125,100,7.106,6.03227,1e-05,103,13.45,27.6
2021-06-25 17:37:18,27,27.1875,100,1.888,6.03681,0.0,151,13.45,27.6
2021-06-25 17:38:14,28,27.125,100,0.0,6.03681,0.0,151,13.45,27.6
2021-06-25 17:38:34,29,27.125,100,0.0,6.03227,0.0,115,13.45,27.6
2021-06-25 17:40:44,30,27.125,100,9.942,6.03227,2e-05,48,13.45,27.6
2021-06-25 17:41:04,31,27.125,100,9.971,6.03227,4e-05,97,13.45,27.6
2021-06-25 17:42:38,32,27.1875,100,0.0,6.03227,0.0,209,13.45,27.6
2021-06-25 17:44:13,33,27.1875,100,0.0,6.03681,0.0,111,13.45,27.6
2021-06-25 17:44:34,34,27.1875,100,0.0,6.03227,0.0,138,13.45,27.6
2021-06-25 17:44:53,35,27.1875,100,4.226,6.01411,0.0,64,13.45,27.6
2021-06-25 17:45:13,36,27.125,100,7.301,6.02773,0.00027,103,13.45,27.6
2021-06-25 17:47:23,37,27.125,100,1.801,6.03227,0.0,65,13.45,27.6
2021-06-25 17:47:43,38,27.125,100,4.66,6.02319,0.0,193,13.45,27.6
2021-06-25 17:48:03,39,27.125,100,0.0,6.01865,0.0,190,13.45,27.6
2021-06-25 17:48:22,40,27.125,100,0.0,6.03227,0.0,247,13.45,27.6
2021-06-25 17:48:42,41,27.125,100,1.83,6.03227,0.0,75,13.45,27.6
2021-06-25 17:50:15,42,27.1875,100,0.0,6.04135,0.0,113,13.45,27.6
2021-06-25 17:50:34,43,27.125,100,5.42,6.02319,1e-05,72,13.45,27.6
2021-06-25 17:50:54,44,27.125,100,0.0,6.03681,0.0,113,13.45,27.6
2021-06-25 17:51:14,45,27.125,100,0.0,6.05497,0.0,114,13.45,27.6
2021-06-25 17:52:10,46,27.125,100,4.16,6.03681,0.0,64,13.45,27.6
2021-06-25 17:53:07,47,27.125,100,0.0,6.03227,0.0,64,13.45,27.6
2021-06-25 17:55:17,48,27.125,100,0.0,6.03227,0.0,111,13.45,27.6
2021-06-25 17:55:37,49,27.125,100,1.49,6.03227,0.0,126,13.45,27.6
2021-06-25 17:56:33,50,27.1875,100,0.0,6.01865,0.0,95,13.45,27.6
2021-06-25 17:56:53,51,27.125,100,0.0,6.03227,0.0,106,13.45,27.6
2021-06-25 17:57:12,52,27.125,100,0.0,6.02319,0.0,217,13.45,27.6
2021-06-25 17:57:32,53,27.125,100,0.0,6.02773,0.0,213,13.45,27.6
2021-06-25 17:57:51,54,27.1875,100,1.331,6.02319,0.0,49,13.45,27.6
2021-06-25 17:58:11,55,27.125,100,0.412,6.02319,2e-05,191,13.45,27.6
2021-06-25 17:58:31,56,27.125,100,0.0,6.03227,0.0,199,13.45,27.6
2021-06-25 18:00:04,57,27.1875,100,0.0,6.01411,0.0,137,13.45,27.6
2021-06-25 18:01:38,58,27.1875,100,0.0,6.02319,0.0,240,13.45,27.6
2021-06-25 18:01:57,59,27.125,100,0.0,6.03681,0.0,99,13.45,27.6
2021-06-25 18:02:17,60,27.125,100,0.0,6.04135,0.0,80,13.45,27.6
2021-06-25 18:02:36,61,27.1875,100,0.759,6.03681,0.0,226,13.45,27.6
2021-06-25 18:02:56,62,27.125,100,0.0,6.03681,0.0,112,13.45,27.6
2021-06-25 18:03:52,63,27.125,100,0.0,6.02319,0.0,54,13.45,27.6
2021-06-25 18:04:12,64,27.125,100,0.0,6.02773,0.0,98,13.45,27.6
2021-06-25 18:04:31,65,27.125,100,0.0,6.03681,0.0,53,13.45,27.6
2021-06-25 18:06:05,66,27.125,100,21.651,6.01865,0.0,30,13.45,27.6
2021-06-25 18:07:01,67,27.125,100,0.0,6.03227,0.0,133,13.45,27.6
2021-06-25 18:07:57,68,27.125,100,0.282,6.02319,0.0,55,13.45,27.6
2021-06-25 18:08:16,69,27.125,100,2.648,6.03227,0.0,193,13.45,27.6
2021-06-25 18:09:50,70,27.125,100,0.0,6.03681,0.0,86,13.45,27.6
2021-06-25 18:11:23,71,27.1875,100,0.0,6.05043,0.0,85,13.45,27.6
2021-06-25 18:11:43,72,27.125,100,13.134,6.05497,0.0,42,13.45,27.6
2021-06-25 18:13:35,73,27.125,100,2.055,6.03227,0.0,48,13.45,27.6
2021-06-25 18:16:22,74,27.125,100,0.0,6.03227,0.0,39,13.45,27.6
2021-06-25 18:17:56,75,27.1875,100,0.0,6.03227,1e-05,107,13.45,27.6
2021-06-25 18:18:16,76,27.125,100,1.823,6.04135,0.0,28,13.45,27.6
2021-06-25 18:18:35,77,27.125,100,0.0,6.05497,0.0,139,13.45,27.6
2021-06-25 18:18:55,78,27.125,100,0.0,6.03681,0.0,87,13.45,27.6
2021-06-25 18:19:51,79,27.125,100,0.0,6.03227,0.0,66,13.45,27.6
2021-06-25 18:20:11,80,27.1875,100,0.0,6.03227,0.0,38,13.45,27.6
2021-06-25 18:20:30,81,27.125,100,0.0,6.05497,0.0,17,13.45,27.6
2021-06-25 18:20:50,82,27.125,100,0.0,6.05043,0.0,37,13.45,27.6
2021-06-25 18:21:10,83,27.125,100,8.936,6.03681,3e-05,16,13.45,27.6
2021-06-25 18:22:06,84,27.125,100,2.359,6.06858,0.0,16,13.45,27.6
2021-06-25 18:22:25,85,27.125,100,15.015,6.04135,2e-05,45,13.45,27.6
2021-06-25 18:23:59,86,27.1875,100,0.0,6.03681,0.0,101,13.45,27.6
2021-06-25 18:24:18,87,27.125,100,12.641,6.03681,8e-05,31,13.45,27.6
2021-06-25 18:25:15,88,27.125,100,0.0,6.04135,0.0,189,13.45,27.6
2021-06-25 18:26:11,89,27.125,100,0.0,6.04135,0.0,203,13.45,27.6
2021-06-25 18:26:31,90,27.125,100,2.38,6.05043,0.0,67,13.45,27.6
2021-06-25 18:26:51,91,27.125,100,12.2,6.03681,1e-05,47,13.45,27.6
2021-06-25 18:27:10,92,27.125,100,0.701,6.05043,0.0,137,13.45,27.6
2021-06-25 18:28:44,93,27.125,100,0.0,6.03227,0.0,85,13.45,27.6
2021-06-25 18:30:17,94,27.125,100,7.931,6.05043,0.0,1,13.45,27.6
2021-06-25 18:31:14,95,27.125,100,3.249,6.03227,0.0,31,13.45,27.6
2021-06-25 18:32:47,96,27.125,100,0.0,6.03681,0.0,69,13.45,27.6
2021-06-25 18:33:07,97,27.0625,100,0.521,6.0822,0.0,0,13.45,27.6
2021-06-25 18:33:26,98,27.125,100,1.244,6.05043,0.0,183,13.45,27.6
2021-06-25 18:33:46,99,27.0625,100,0.0,6.02319,0.0,8,13.45,27.6
2021-06-25 18:34:24,100,27.125,100,6.498,6.03227,0.0,3,13.45,27.6
2021-06-25 18:34:44,101,27.125,100,6.302,6.07766,0.0,16,13.45,27.6
2021-06-25 18:35:40,102,27.0625,100,2.207,6.03227,0.0,25,13.45,27.6
2021-06-25 18:38:28,103,27.1875,100,0.0,6.05497,0.0,70,13.45,27.6
2021-06-25 18:40:01,104,27.1875,100,0.0,6.02773,0.0,31,13.45,27.6
2021-06-25 18:40:21,105,27.125,100,0.0,6.03681,0.0,192,13.45,27.6
2021-06-25 18:40:40,106,27.125,100,0.0,6.03681,0.0,162,13.45,27.6
2021-06-25 18:41:00,107,27.125,100,10.405,6.00957,3e-05,22,13.45,27.6
2021-06-25 18:41:19,108,27.125,100,0.0,6.04135,0.0,28,13.45,27.6
2021-06-25 18:41:39,109,27.125,100,0.0,6.03227,0.0,205,13.45,27.6
2021-06-25 18:42:54,110,27.125,100,0.0,6.05043,0.0,43,13.45,27.6
2021-06-25 18:43:13,111,27.125,100,0.455,6.04135,0.0,80,13.45,27.6
2021-06-25 18:43:33,112,27.1875,100,1.881,6.01411,0.0,75,13.45,27.6
2021-06-26 16:37:15,113,26.0625,100,12.435,5.97326,1e-05,0,13.68571429,29.63571429
2021-06-27 00:05:12,114,25.25,100,0.0,6.05043,0.0,31,13.92142859,31.67142429
2021-06-28 09:35:23,115,23.9375,100,0.0,6.16845,7.6301,2473,14.15714289,33.70713429
2021-06-29 17:26:25,116,25.1875,100,0.0,6.0822,5517.12061,1001,14.39285719,35.74284429
2021-06-29 17:31:31,117,25.25,100,2.274,6.07312,5250.39746,976,14.39285719,35.74284429
2021-06-29 18:43:12,118,25.1875,100,1.978,6.09128,35517.87891,742,14.39285719,35.74284429
2021-06-30 01:09:29,119,24.5,100,0.0,6.65871,inf,2467,14.62857149,37.77855429
2021-01-07 09:04:13,120,24.875,100,0.0,6.2774,inf,1399,14.86428579,39.81426429
2021-07-07 15:15:34,121,25.8125,100,0.0,6.33187,129.85301,828,15.10000009,41.84997429
2021-07-07 15:15:53,122,25.9375,100,0.0,6.33641,133.92024,845,15.33571439,43.88568429
2021-07-07 15:16:13,123,25.9375,100,0.0,6.33641,254.43057,868,15.33571439,43.88568429
2021-07-07 15:16:32,124,25.9375,100,1.561,6.34549,127.87219,919,15.33571439,43.88568429
2021-07-07 15:16:52,125,25.9375,100,0.0,6.34095,158.22548,922,15.33571439,43.88568429
2021-07-07 15:17:11,126,25.875,100,2.306,6.34095,339.83801,907,15.33571439,43.88568429
2021-07-07 15:17:31,127,26.0,100,1.142,6.34549,226.16016,934,15.33571439,43.88568429
2021-07-07 15:17:50,128,25.9375,100,1.465,6.34095,131.86873,933,15.33571439,43.88568429
2021-07-07 15:18:14,129,-127.0,100,1.543,6.32733,231.25386,873,15.33571439,43.88568429
2021-07-07 15:18:33,130,25.9375,100,30.476,6.34095,161.60397,816,15.33571439,43.88568429
2021-07-07 15:18:53,131,25.875,100,0.0,6.34095,303.96719,934,15.33571439,43.88568429
2021-07-07 15:19:13,132,26.0,100,2.132,6.34549,263.24252,922,15.33571439,43.88568429
2021-07-07 15:19:33,133,26.0,100,1.401,6.35003,116.0966,866,15.33571439,43.88568429
2021-07-07 15:19:52,134,25.9375,100,1.874,6.32733,150.91507,912,15.33571439,43.88568429
2021-07-07 15:20:12,135,25.9375,100,1.537,6.35003,141.02589,866,15.33571439,43.88568429
2021-07-07 15:20:31,136,26.0,100,0.0,6.34549,165.06514,910,15.33571439,43.88568429
2021-07-07 15:20:51,137,26.0,100,1.127,6.35003,142.49799,910,15.33571439,43.88568429
2021-07-07 15:21:11,138,26.0,100,1.926,6.34549,93.26026,897,15.33571439,43.88568429
2021-07-07 15:21:30,139,26.0,100,0.0,6.34549,159.90462,910,15.33571439,43.88568429
2021-07-07 15:21:50,140,25.9375,100,0.0,6.34095,134.61209,883,15.33571439,43.88568429
2021-07-07 15:22:09,141,26.0625,100,0.472,6.35003,168.61142,886,15.33571439,43.88568429
2021-07-07 15:22:29,142,26.0,100,0.0,6.35911,228.69054,907,15.33571439,43.88568429
2021-07-07 15:23:33,143,26.0,100,3.662,6.34095,6833.04736,1046,15.33571439,43.88568429
2021-07-07 15:23:53,144,26.0,100,2.992,6.35911,40.31041,937,15.33571439,43.88568429
2021-07-07 15:24:13,145,26.0625,100,2.345,6.35003,119.07129,914,15.33571439,43.88568429
2021-07-07 15:24:32,146,26.0,100,0.89,6.37727,305.74231,850,15.33571439,43.88568429
2021-12-08 12:58:51,147,27.375,-13,0.0,6.05951,inf,897,15.57142869,45.92139429
2021-12-08 12:59:11,148,27.5625,-13,0.0,6.20931,0.00775,640,15.57142869,45.92139429
2021-12-08 12:59:31,149,27.8125,-13,0.0,6.06858,0.00415,508,15.57142869,45.92139429
2021-12-08 13:00:28,150,28.3125,-13,1.295,5.05628,inf,560,15.57142869,45.92139429
2021-12-08 13:01:24,151,28.3125,-13,0.0,6.15937,4.49651,285,15.57142869,45.92139429
2021-12-08 13:01:44,152,28.25,-13,0.0,6.21385,0.00389,264,15.57142869,45.92139429
2021-12-08 13:02:04,153,28.3125,-13,0.0,5.93694,inf,256,15.57142869,45.92139429
2021-12-08 13:02:24,154,28.1875,-13,0.0,5.01543,0.00481,464,15.57142869,45.92139429
2021-12-08 13:02:44,155,28.1875,-2,0.0,6.17753,0.00083,262,15.57142869,45.92139429
2021-12-08 13:03:03,156,28.1875,-13,0.0,6.22293,0.00448,303,15.57142869,45.92139429
2021-12-08 13:03:23,157,28.125,-13,0.0,6.22747,0.00478,296,15.57142869,45.92139429
2021-12-08 13:03:43,158,28.0625,-13,3.637,6.20477,0.00641,233,15.57142869,45.92139429
2021-12-08 13:04:02,159,28.0,-13,0.0,6.18661,0.00282,234,15.57142869,45.92139429
2021-12-08 13:04:22,160,27.9375,-13,32.411,6.20477,0.10116,243,15.57142869,45.92139429
2021-12-08 13:04:42,161,27.9375,-13,3.205,6.21385,0.00589,242,15.57142869,45.92139429
2021-12-08 13:05:01,162,27.8125,-13,0.224,6.20023,0.00399,237,15.57142869,45.92139429
2021-12-08 13:05:21,163,27.75,-13,1.107,6.20023,0.00604,240,15.57142869,45.92139429
2021-12-08 13:05:41,164,27.6875,-13,0.0,6.19569,0.00225,240,15.57142869,45.92139429
2021-12-08 13:06:01,165,27.6875,-13,5.731,6.18661,0.00608,231,15.57142869,45.92139429
2021-12-08 13:06:20,166,27.6875,-13,0.0,6.17299,0.00232,231,15.57142869,45.92139429
2021-12-08 13:06:40,167,27.625,-13,0.0,6.1276,0.00323,233,15.57142869,45.92139429
2021-12-08 13:06:59,168,27.625,-13,0.0,6.17299,0.00321,229,15.57142869,45.92139429
2021-12-08 13:07:19,169,27.5625,-13,0.0,6.19569,0.00328,229,15.57142869,45.92139429
2021-12-08 13:07:39,170,27.5,-13,0.0,6.17753,0.00263,222,15.57142869,45.92139429
2021-12-08 13:08:35,171,27.4375,-13,7.641,6.17299,0.01113,214,15.57142869,45.92139429
2021-12-08 13:08:55,172,27.4375,-13,0.0,6.16845,0.00274,222,15.57142869,45.92139429
2021-12-08 13:09:14,173,27.4375,-13,0.0,6.16845,0.00353,221,15.57142869,45.92139429
2021-12-08 13:09:34,174,27.4375,-13,0.0,6.11852,0.00249,221,15.57142869,45.92139429
2021-12-08 13:09:53,175,27.375,-13,0.0,6.18207,0.0027,220,15.57142869,45.92139429
2021-12-08 13:10:13,176,27.3125,-13,0.0,6.17753,0.00286,218,15.57142869,45.92139429
2021-12-08 13:10:32,177,27.3125,-13,0.0,6.16845,0.00402,214,15.57142869,45.92139429
2021-12-08 13:10:52,178,27.25,-13,6.642,6.15937,0.00958,214,15.57142869,45.92139429
2021-12-08 13:11:12,179,27.25,-13,4.001,6.07312,0.0031,211,15.57142869,45.92139429
2021-12-08 13:11:31,180,27.25,-13,2.279,6.15937,0.00312,210,15.57142869,45.92139429
2021-12-08 13:11:51,181,27.1875,-13,2.402,6.13214,0.00304,208,15.57142869,45.92139429
2021-12-08 13:12:10,182,27.125,-13,1.309,6.1276,0.00312,211,15.57142869,45.92139429
2021-12-08 13:12:30,183,27.125,-13,0.933,6.17299,0.00431,203,15.57142869,45.92139429
2021-12-08 13:12:50,184,27.0625,-13,0.969,6.13214,0.00284,209,15.57142869,45.92139429
2021-12-08 13:13:09,185,27.0625,-13,0.897,6.1276,0.0031,213,15.57142869,45.92139429
2021-12-08 13:14:06,186,27.0,-13,0.369,6.18661,0.00312,208,15.57142869,45.92139429
2021-12-08 13:14:25,187,27.0625,-13,0.39,6.16845,0.00472,208,15.57142869,45.92139429
2021-12-08 13:14:45,188,27.0625,-13,0.571,6.13214,0.00334,198,15.57142869,45.92139429
2021-12-08 13:15:04,189,27.125,-13,0.817,6.16391,0.00448,208,15.57142869,45.92139429
2021-12-08 13:15:24,190,27.125,-13,0.709,6.1276,0.00641,208,15.57142869,45.92139429
2021-12-08 13:15:44,191,27.0625,-13,0.868,6.15937,0.00394,208,15.57142869,45.92139429
2021-12-08 13:16:40,192,27.1875,-13,1.186,5.93694,inf,217,15.57142869,45.92139429
2021-12-08 13:17:00,193,27.1875,-13,0.687,5.93694,0.00593,222,15.57142869,45.92139429
2021-12-08 13:17:19,194,27.1875,-13,0.39,5.96872,inf,213,15.57142869,45.92139429
2021-12-08 13:18:16,195,27.25,-13,0.0,6.05497,0.00294,199,15.57142869,45.92139429
2021-12-08 13:18:35,196,27.25,-13,0.0,6.07312,0.00348,215,15.57142869,45.92139429
2021-12-08 13:18:55,197,27.3125,-13,0.0,6.09582,0.00518,207,15.57142869,45.92139429
2021-12-08 13:19:14,198,27.3125,-13,0.0,6.1276,0.00463,203,15.57142869,45.92139429
2021-12-08 13:19:34,199,27.375,-13,0.0,6.1276,0.00457,202,15.57142869,45.92139429
2021-12-08 13:19:53,200,27.375,-13,0.0,6.16845,0.00429,194,15.57142869,45.92139429
2021-12-08 13:20:13,201,27.375,-13,0.0,6.11398,0.00407,197,15.57142869,45.92139429
2021-12-08 13:20:33,202,27.375,-13,0.0,6.0822,0.00518,203,15.57142869,45.92139429
2021-12-08 13:21:29,203,27.375,-13,0.0,6.13214,0.0031,197,15.57142869,45.92139429
2021-12-08 13:21:49,204,27.4375,-13,0.0,6.05497,0.0049,202,15.57142869,45.92139429
2021-12-08 13:22:45,205,27.5,-13,0.014,6.1049,0.00355,193,15.57142869,45.92139429
2021-12-08 13:23:05,206,27.5,-13,0.007,6.10944,0.00372,202,15.57142869,45.92139429
2021-12-08 13:23:25,207,27.5,-13,0.0,6.1276,0.00561,202,15.57142869,45.92139429
2021-12-08 13:23:44,208,27.5625,-13,0.05,6.15937,0.00445,202,15.57142869,45.92139429
2021-12-08 13:24:04,209,27.5625,-13,0.26,6.15937,0.00622,202,15.57142869,45.92139429
2021-12-08 13:24:23,210,27.5625,-13,0.144,6.15937,0.00343,192,15.57142869,45.92139429
2021-12-08 13:24:43,211,27.5625,-13,0.217,6.17753,0.0044,203,15.57142869,45.92139429
2021-12-08 13:25:03,212,27.5625,-13,0.086,6.12306,0.006,203,15.57142869,45.92139429
2021-12-08 13:25:22,213,27.5625,-13,0.0,6.1276,0.00561,203,15.57142869,45.92139429
2021-12-08 13:25:42,214,27.5625,-13,0.014,6.12306,0.00484,203,15.57142869,45.92139429
2021-12-08 13:26:38,215,27.625,-13,0.0,6.1049,0.00348,202,15.57142869,45.92139429
2021-12-08 13:27:35,216,27.75,-13,0.0,6.16391,0.00407,202,15.57142869,45.92139429
2021-12-08 13:28:32,217,27.875,-13,0.0,6.16391,0.00364,199,15.57142869,45.92139429
2021-12-08 13:28:52,218,27.9375,-13,0.0,6.16845,0.00565,189,15.57142869,45.92139429
2021-12-08 13:29:11,219,27.9375,-13,0.0,6.10944,0.00593,197,15.57142869,45.92139429
2021-12-08 13:29:31,220,27.9375,-13,0.0,6.11852,0.0033,201,15.57142869,45.92139429
2021-12-08 13:29:51,221,28.0,-13,0.0,6.10036,0.00328,197,15.57142869,45.92139429
2021-12-08 13:30:10,222,27.9375,-13,0.0,6.1049,0.00323,197,15.57142869,45.92139429
2021-12-08 13:30:31,223,27.9375,-13,0.0,6.12306,0.00512,204,15.57142869,45.92139429
2021-12-08 13:30:50,224,28.0,-13,0.0,6.0822,0.00315,203,15.57142869,45.92139429
2021-12-08 13:31:10,225,28.125,-13,0.0,6.05043,0.00509,203,15.57142869,45.92139429
2021-12-08 13:31:29,226,28.1875,-13,0.0,6.04135,303.96719,205,15.57142869,45.92139429
2021-12-08 13:31:50,227,28.25,-13,0.0,6.05951,0.00399,205,15.57142869,45.92139429
2021-12-08 13:32:10,228,28.4375,-13,0.0,6.10944,inf,203,15.57142869,45.92139429
2021-12-08 13:32:30,229,28.5625,-13,0.0,5.99595,inf,203,15.57142869,45.92139429
2021-12-08 13:32:49,230,28.6875,-13,0.0,6.00503,0.00364,203,15.57142869,45.92139429
2021-12-08 13:33:09,231,28.8125,-13,0.0,6.00503,0.00328,202,15.57142869,45.92139429
2021-12-08 13:33:28,232,29.0,-13,0.0,6.00503,0.0035,199,15.57142869,45.92139429
2021-12-08 13:33:48,233,29.125,-13,0.0,6.06858,0.06526,202,15.57142869,45.92139429
2021-12-08 13:34:07,234,29.25,-13,0.0,6.03227,0.00357,199,15.57142869,45.92139429
2021-12-08 13:34:27,235,29.3125,-13,0.0,6.1049,0.00561,191,15.57142869,45.92139429
2021-12-08 13:34:47,236,29.3125,-13,0.0,6.11398,0.00256,192,15.57142869,45.92139429
2021-12-08 13:35:06,237,29.3125,-13,0.0,6.1049,0.00296,190,15.57142869,45.92139429
2021-12-08 13:35:26,238,29.375,-13,0.0,6.05497,0.00604,197,15.57142869,45.92139429
2021-12-08 13:35:46,239,29.3125,-13,0.0,5.98687,0.00619,202,15.57142869,45.92139429
2021-12-08 13:36:06,240,29.375,-13,0.0,6.00957,0.00575,201,15.57142869,45.92139429
2021-12-08 13:36:25,241,29.4375,-13,0.0,6.04135,0.00534,201,15.57142869,45.92139429
2021-12-08 13:36:45,242,29.5,-13,0.0,6.01865,0.00638,201,15.57142869,45.92139429
2021-08-22 21:25:00,243,25.6875,-8,0.0,8.48358,8642.90918,720,15.80714299,47.95710429
2021-08-22 21:25:22,244,25.6875,-10,0.0,8.48358,0.23756,1600,15.80714299,47.95710429
2021-08-22 21:25:46,245,25.6875,-11,0.0,8.55167,0.45866,1552,15.80714299,47.95710429
2021-08-22 21:26:10,246,25.6875,-11,0.0,8.48358,0.516,1521,15.80714299,47.95710429
2021-08-22 21:26:31,247,25.6875,-11,0.0,10.3039,0.57801,1486,15.80714299,47.95710429
2021-08-22 21:26:56,248,25.75,-12,0.0,9.70924,0.62801,1485,15.80714299,47.95710429
2021-08-22 21:27:18,249,25.6875,-12,0.0,9.28706,0.66197,1467,15.80714299,47.95710429
2021-08-22 21:27:44,250,25.6875,-11,0.0,8.37917,0.672,1454,15.80714299,47.95710429
2021-08-22 21:28:36,251,25.6875,-10,0.0,7.60746,0.7837,1399,15.80714299,47.95710429
2021-08-22 21:29:01,252,25.6875,-13,0.0,7.35779,0.87672,1410,15.80714299,47.95710429
2021-08-22 21:29:27,253,25.6875,-11,0.0,7.21707,0.88659,1391,15.80714299,47.95710429
2021-08-22 21:29:57,254,25.625,-13,0.0,7.08996,0.90329,1391,15.80714299,47.95710429
2021-08-22 21:30:20,255,25.6875,-11,0.0,6.95832,0.98053,1365,15.80714299,47.95710429
2021-08-22 21:30:41,256,25.6875,-11,0.0,6.99464,1.01397,1358,15.80714299,47.95710429
2021-09-24 13:31:02,257,31.0,36,0.0,-1.74383,0.00266,335,16.04285729,49.99281429
2021-09-24 13:32:00,258,31.625,36,0.0,-1.97535,1.04723,880,16.04285729,49.99281429
2021-09-24 13:32:24,259,31.6875,36,0.0,-1.95265,0.51277,816,16.04285729,49.99281429
2021-09-24 13:32:46,260,31.4375,36,0.0,-1.90272,0.37671,771,16.04285729,49.99281429
2021-01-10 11:28:43,261,26.875,-3,0.0,-1.73022,6.20674,726,16.27857159,52.02852429
2021-01-10 11:29:04,262,-127.0,-96,0.0,-1.59403,0.0,0,16.27857159,52.02852429
2021-01-10 11:29:25,263,-127.0,-96,0.0,-1.61673,0.0,0,16.27857159,52.02852429
2021-01-10 11:29:45,264,-127.0,-96,0.0,-1.63943,0.0,0,16.27857159,52.02852429
2021-01-10 11:30:08,265,-127.0,-96,0.0,-1.61673,0.0,0,16.27857159,52.02852429
2021-01-10 11:31:32,266,-127.0,-97,0.0,-1.63035,0.0,0,16.27857159,52.02852429
2021-06-10 12:34:22,267,26.625,-13,6.282,3.5401,1e-05,210,16.51428589,54.06423429
2021-06-10 12:34:41,268,26.5625,-13,11.94,3.39484,1e-05,175,16.51428589,54.06423429
2021-06-10 12:37:11,269,26.625,-13,8.604,3.15425,1e-05,178,16.51428589,54.06423429
2021-06-10 12:37:31,270,26.6875,-13,8.483,3.14971,1e-05,166,16.51428589,54.06423429
2021-06-10 12:37:50,271,26.6875,-13,9.115,3.12701,0.0,157,16.51428589,54.06423429
2021-06-10 12:38:10,272,26.6875,-13,9.876,3.12701,0.0,144,16.51428589,54.06423429
2021-06-10 12:38:29,273,26.625,-13,9.435,3.12701,1e-05,154,16.51428589,54.06423429
2021-06-10 12:38:48,274,26.6875,-13,9.96,3.11339,0.0,148,16.51428589,54.06423429
2021-06-10 12:39:08,275,26.6875,-13,8.97,3.11793,1e-05,154,16.51428589,54.06423429
2021-06-10 12:39:27,276,26.6875,-13,8.909,3.10885,0.0,155,16.51428589,54.06423429
2021-06-10 12:40:23,277,26.6875,-13,8.346,3.15425,0.0,158,16.51428589,54.06423429
2021-06-10 12:40:43,278,26.625,-13,8.353,3.10885,1e-05,165,16.51428589,54.06423429
2021-06-10 12:41:02,279,26.6875,-13,9.914,3.09524,0.0,166,16.51428589,54.06423429
2021-06-10 12:41:22,280,26.6875,-13,9.023,3.0907,0.0,161,16.51428589,54.06423429
2021-06-10 12:41:41,281,26.6875,-13,9.115,3.0907,1e-05,160,16.51428589,54.06423429
2021-06-10 12:42:01,282,26.6875,-13,8.559,3.10431,1e-05,176,16.51428589,54.06423429
2021-06-10 12:42:20,283,26.6875,-13,8.361,3.09524,1e-05,172,16.51428589,54.06423429
2021-06-10 12:42:40,284,26.6875,-13,12.343,3.10431,0.0,153,16.51428589,54.06423429
2021-06-10 12:42:59,285,26.6875,-13,9.16,3.08616,1e-05,151,16.51428589,54.06423429
2021-06-10 12:43:19,286,26.6875,-13,7.835,3.08162,1e-05,156,16.51428589,54.06423429
2021-06-10 12:43:38,287,26.6875,-13,9.625,3.08162,1e-05,157,16.51428589,54.06423429
2021-06-10 12:43:58,288,26.6875,-13,10.059,3.08616,1e-05,159,16.51428589,54.06423429
2021-06-10 12:44:17,289,26.6875,-13,9.115,3.08616,1e-05,160,16.51428589,54.06423429
2021-06-10 12:44:37,290,26.6875,-13,8.932,3.11793,1e-05,157,16.51428589,54.06423429
2021-06-10 12:44:56,291,26.6875,-13,9.061,3.07254,0.0,158,16.51428589,54.06423429
2021-06-10 12:45:16,292,26.6875,-13,8.757,3.05438,1e-05,163,16.51428589,54.06423429
2021-06-10 12:45:35,293,26.6875,-13,8.742,3.06346,0.0,164,16.51428589,54.06423429
2021-06-10 12:45:55,294,26.75,-13,8.909,3.07254,0.0,160,16.51428589,54.06423429
2021-06-10 12:46:51,295,26.6875,-13,8.65,3.06346,1e-05,157,16.51428589,54.06423429
2021-06-10 12:47:11,296,26.75,-13,9.846,3.05892,1e-05,161,16.51428589,54.06423429
2021-06-10 12:48:07,297,26.6875,-13,7.477,3.03622,1e-05,166,16.51428589,54.06423429
2021-06-10 12:48:27,298,26.6875,-13,8.65,3.05892,0.0,176,16.51428589,54.06423429
2021-06-10 12:48:46,299,26.625,-13,8.818,3.05438,0.0,176,16.51428589,54.06423429
2021-06-10 12:49:06,300,26.6875,-13,8.125,3.05438,1e-05,174,16.51428589,54.06423429
2021-06-10 12:49:25,301,26.625,-13,8.757,3.05438,0.0,172,16.51428589,54.06423429
2021-06-10 12:49:45,302,26.75,-13,3.563,3.07708,0.0,148,16.51428589,54.06423429
2021-06-10 12:50:05,303,26.75,-13,0.578,3.10431,0.0,160,16.51428589,54.06423429
2021-06-10 12:50:24,304,26.75,-13,1.157,3.16787,0.0,190,16.51428589,54.06423429
2021-06-10 12:50:45,305,26.75,-13,1.104,3.17241,0.0,192,16.51428589,54.06423429
2021-06-10 12:51:04,306,26.75,-13,1.484,3.17695,0.0,184,16.51428589,54.06423429
2021-06-10 12:51:24,307,26.8125,-13,0.601,3.19056,0.0,193,16.51428589,54.06423429
2021-06-10 12:51:44,308,26.8125,-13,0.571,3.19964,0.0,187,16.51428589,54.06423429
2021-06-10 12:52:32,309,-127.0,95,0.0,15.45166,0.0,0,16.51428589,54.06423429
2021-06-10 12:52:52,310,-127.0,95,0.0,15.45166,0.0,0,16.51428589,54.06423429
2021-10-10 00:00:00,311,-127.0,100,0.0,15.45166,0.0,0,31.7,263.0
2021-10-10 00:00:00,312,-127.0,100,0.0,15.45166,0.0,0,31.7,263.0
2021-10-10 00:00:00,313,27.125,100,0.0,6.01411,0.0,139,31.7,263.0
2021-10-10 00:00:00,314,27.3125,100,0.0,6.03227,0.0,131,31.7,263.0
2021-10-10 00:00:00,315,27.25,100,0.0,6.03681,0.0,133,31.7,263.0
2021-10-10 00:00:00,316,27.25,100,0.0,5.87339,0.0,130,31.7,263.0
2021-10-10 00:00:00,317,27.25,100,0.0,6.04135,0.0,126,31.7,263.0
2021-10-10 00:00:00,318,27.25,100,0.0,6.04135,0.0,114,31.7,263.0
2021-10-10 00:00:00,319,27.25,100,0.0,6.03681,0.0,128,31.7,263.0
2021-10-10 00:00:00,320,27.25,100,0.0,6.03681,0.0,116,31.7,263.0
2021-10-10 00:00:00,321,27.25,100,0.0,6.05043,0.0,129,31.7,263.0
2021-10-10 00:00:00,322,27.25,100,0.0,6.05043,0.0,128,31.7,263.0
2021-10-10 00:00:00,323,27.25,100,4.942,6.01865,0.0,158,31.7,263.0
2021-10-10 00:00:00,324,27.1875,100,1.83,6.04135,1e-05,141,31.7,263.0
2021-10-10 00:00:00,325,27.125,100,2.865,6.01411,0.0,123,31.7,263.0
2021-10-10 00:00:00,326,27.125,100,4.66,6.02319,0.0,128,31.7,263.0
2021-10-10 00:00:00,327,27.125,100,0.0,6.02319,0.0,309,31.7,263.0
2021-10-10 00:00:00,328,27.125,100,0.0,6.03681,0.0,251,31.7,263.0
2021-10-10 00:00:00,329,27.1875,100,13.56,6.07312,0.0,72,31.7,263.0
2021-10-10 00:00:00,330,27.125,100,0.0,6.05043,0.0,194,31.7,263.0
2021-10-10 00:00:00,331,27.1875,100,4.464,6.03681,0.0,87,31.7,263.0
2021-10-10 00:00:00,332,27.125,100,12.301,6.0822,1e-05,65,31.7,263.0
2021-10-10 00:00:00,333,27.125,100,5.246,6.02319,0.0,75,31.7,263.0
2021-10-10 00:00:00,334,27.125,100,0.0,6.02319,0.0,114,31.7,263.0
2021-10-10 00:00:00,335,27.1875,100,0.0,6.00957,0.0,99,31.7,263.0
2021-10-10 00:00:00,336,27.125,100,7.106,6.03227,1e-05,103,31.7,263.0
2021-10-10 00:00:00,337,27.1875,100,1.888,6.03681,0.0,151,31.7,263.0
2021-10-10 00:00:00,338,27.125,100,0.0,6.03681,0.0,151,31.7,263.0
2021-10-10 00:00:00,339,27.125,100,0.0,6.03227,0.0,115,31.7,263.0
2021-10-10 00:00:00,340,27.125,100,9.942,6.03227,2e-05,48,31.7,263.0
2021-10-10 00:00:00,341,27.125,100,9.971,6.03227,4e-05,97,31.7,263.0
2021-10-10 00:00:00,342,27.1875,100,0.0,6.03227,0.0,209,31.7,263.0
2021-10-10 00:00:00,343,27.1875,100,0.0,6.03681,0.0,111,31.7,263.0
2021-10-10 00:00:00,344,27.1875,100,0.0,6.03227,0.0,138,31.7,263.0
2021-10-10 00:00:00,345,27.1875,100,4.226,6.01411,0.0,64,31.7,263.0
2021-10-10 00:00:00,346,27.125,100,7.301,6.02773,0.00027,103,31.7,263.0
2021-10-10 00:00:00,347,27.125,100,1.801,6.03227,0.0,65,31.7,263.0
2021-10-10 00:00:00,348,27.125,100,4.66,6.02319,0.0,193,31.7,263.0
2021-10-10 00:00:00,349,27.125,100,0.0,6.01865,0.0,190,31.7,263.0
2021-10-10 00:00:00,350,27.125,100,0.0,6.03227,0.0,247,31.7,263.0
2021-10-10 00:00:00,351,27.125,100,1.83,6.03227,0.0,75,31.7,263.0
2021-10-10 00:00:00,352,27.1875,100,0.0,6.04135,0.0,113,31.7,263.0
2021-10-10 00:00:00,353,27.125,100,5.42,6.02319,1e-05,72,31.7,263.0
2021-10-10 00:00:00,354,27.125,100,0.0,6.03681,0.0,113,31.7,263.0
2021-10-10 00:00:00,355,27.125,100,0.0,6.05497,0.0,114,31.7,263.0
2021-10-10 00:00:00,356,27.125,100,4.16,6.03681,0.0,64,31.7,263.0
2021-10-10 00:00:00,357,27.125,100,0.0,6.03227,0.0,64,31.7,263.0
2021-10-10 00:00:00,358,27.125,100,0.0,6.03227,0.0,111,31.7,263.0
2021-10-10 00:00:00,359,27.125,100,1.49,6.03227,0.0,126,31.7,263.0
2021-10-10 00:00:00,360,27.1875,100,0.0,6.01865,0.0,95,31.7,263.0
2021-10-10 00:00:00,361,27.125,100,0.0,6.03227,0.0,106,31.7,263.0
2021-10-10 00:00:00,362,27.125,100,0.0,6.02319,0.0,217,31.7,263.0
2021-10-10 00:00:00,363,27.125,100,0.0,6.02773,0.0,213,31.7,263.0
2021-10-10 00:00:00,364,27.1875,100,1.331,6.02319,0.0,49,31.7,263.0
2021-10-10 00:00:00,365,27.125,100,0.412,6.02319,2e-05,191,31.7,263.0
2021-10-10 00:00:00,366,27.125,100,0.0,6.03227,0.0,199,31.7,263.0
2021-10-10 00:00:00,367,27.1875,100,0.0,6.01411,0.0,137,31.7,263.0
2021-10-10 00:00:00,368,27.1875,100,0.0,6.02319,0.0,240,31.7,263.0
2021-10-10 00:00:00,369,27.125,100,0.0,6.03681,0.0,99,31.7,263.0
2021-10-10 00:00:00,370,27.125,100,0.0,6.04135,0.0,80,31.7,263.0
2021-10-10 00:00:00,371,27.1875,100,0.759,6.03681,0.0,226,31.7,263.0
2021-10-10 00:00:00,372,27.125,100,0.0,6.03681,0.0,112,31.7,263.0
2021-10-10 00:00:00,373,27.125,100,0.0,6.02319,0.0,54,31.7,263.0
2021-10-10 00:00:00,374,27.125,100,0.0,6.02773,0.0,98,31.7,263.0
2021-10-10 00:00:00,375,27.125,100,0.0,6.03681,0.0,53,31.7,263.0
2021-10-10 00:00:00,376,27.125,100,21.651,6.01865,0.0,30,31.7,263.0
2021-10-10 00:00:00,377,27.125,100,0.0,6.03227,0.0,133,31.7,263.0
2021-10-10 00:00:00,378,27.125,100,0.282,6.02319,0.0,55,31.7,263.0
2021-10-10 00:00:00,379,27.125,100,2.648,6.03227,0.0,193,31.7,263.0
2021-10-10 00:00:00,380,27.125,100,0.0,6.03681,0.0,86,31.7,263.0
2021-10-10 00:00:00,381,27.1875,100,0.0,6.05043,0.0,85,31.7,263.0
2021-10-10 00:00:00,382,27.125,100,13.134,6.05497,0.0,42,31.7,263.0
2021-10-10 00:00:00,383,27.125,100,2.055,6.03227,0.0,48,31.7,263.0
2021-10-10 00:00:00,384,27.125,100,0.0,6.03227,0.0,39,31.7,263.0
2021-10-10 00:00:00,385,27.1875,100,0.0,6.03227,1e-05,107,31.7,263.0
2021-10-10 00:00:00,386,27.125,100,1.823,6.04135,0.0,28,31.7,263.0
2021-10-10 00:00:00,387,27.125,100,0.0,6.05497,0.0,139,31.7,263.0
2021-10-10 00:00:00,388,27.125,100,0.0,6.03681,0.0,87,31.7,263.0
2021-10-10 00:00:00,389,27.125,100,0.0,6.03227,0.0,66,31.7,263.0
2021-10-10 00:00:00,390,27.1875,100,0.0,6.03227,0.0,38,31.7,263.0
2021-10-10 00:00:00,391,27.125,100,0.0,6.05497,0.0,17,31.7,263.0
2021-10-10 00:00:00,392,27.125,100,0.0,6.05043,0.0,37,31.7,263.0
2021-10-10 00:00:00,393,27.125,100,8.936,6.03681,3e-05,16,31.7,263.0
2021-10-10 00:00:00,394,27.125,100,2.359,6.06858,0.0,16,31.7,263.0
2021-10-10 00:00:00,395,27.125,100,15.015,6.04135,2e-05,45,31.7,263.0
2021-10-10 00:00:00,396,27.1875,100,0.0,6.03681,0.0,101,31.7,263.0
2021-10-10 00:00:00,397,27.125,100,12.641,6.03681,8e-05,31,31.7,263.0
2021-10-10 00:00:00,398,27.125,100,0.0,6.04135,0.0,189,31.7,263.0
2021-10-10 00:00:00,399,27.125,100,0.0,6.04135,0.0,203,31.7,263.0
2021-10-10 00:00:00,400,27.125,100,2.38,6.05043,0.0,67,31.7,263.0
2021-10-10 00:00:00,401,27.125,100,12.2,6.03681,1e-05,47,31.7,263.0
2021-10-10 00:00:00,402,27.125,100,0.701,6.05043,0.0,137,31.7,263.0
2021-10-10 00:00:00,403,27.125,100,0.0,6.03227,0.0,85,31.7,263.0
2021-10-10 00:00:00,404,27.125,100,7.931,6.05043,0.0,1,31.7,263.0
2021-10-10 00:00:00,405,27.125,100,3.249,6.03227,0.0,31,31.7,263.0
2021-10-10 00:00:00,406,27.125,100,0.0,6.03681,0.0,69,31.7,263.0
2021-10-10 00:00:00,407,27.0625,100,0.521,6.0822,0.0,0,31.7,263.0
2021-10-10 00:00:00,408,27.125,100,1.244,6.05043,0.0,183,31.7,263.0
2021-10-10 00:00:00,409,27.0625,100,0.0,6.02319,0.0,8,31.7,263.0
2021-10-10 00:00:00,410,27.125,100,6.498,6.03227,0.0,3,31.7,263.0
2021-10-10 00:00:00,411,27.125,100,6.302,6.07766,0.0,16,31.7,263.0
2021-10-10 00:00:00,412,27.0625,100,2.207,6.03227,0.0,25,31.7,263.0
2021-10-10 00:00:00,413,27.1875,100,0.0,6.05497,0.0,70,31.7,263.0
2021-10-10 00:00:00,414,27.1875,100,0.0,6.02773,0.0,31,31.7,263.0
2021-10-10 00:00:00,415,27.125,100,0.0,6.03681,0.0,192,31.7,263.0
2021-10-10 00:00:00,416,27.125,100,0.0,6.03681,0.0,162,31.7,263.0
2021-10-10 00:00:00,417,27.125,100,10.405,6.00957,3e-05,22,31.7,263.0
2021-10-10 00:00:00,418,27.125,100,0.0,6.04135,0.0,28,31.7,263.0
2021-10-10 00:00:00,419,27.125,100,0.0,6.03227,0.0,205,31.7,263.0
2021-10-10 00:00:00,420,27.125,100,0.0,6.05043,0.0,43,31.7,263.0
2021-10-10 00:00:00,421,27.125,100,0.455,6.04135,0.0,80,31.7,263.0
2021-10-10 00:00:00,422,27.1875,100,1.881,6.01411,0.0,75,31.7,263.0
2021-10-24 00:00:00,423,26.0625,100,12.435,5.97326,1e-05,0,32.37143,287.1429
2021-10-24 00:00:00,424,25.25,100,0.0,6.05043,0.0,31,32.37143,287.1429
2021-11-07 00:00:00,425,23.9375,100,0.0,6.16845,7.6301,2473,41.11143,601.8071
2021-11-07 00:00:00,426,25.1875,100,0.0,6.0822,5517.12061,1001,41.11143,601.8071
2021-11-07 00:00:00,427,25.25,100,2.274,6.07312,5250.39746,976,41.11143,601.8071
2021-11-07 00:00:00,428,25.1875,100,1.978,6.09128,35517.87891,742,41.11143,601.8071
2021-11-07 00:00:00,429,24.5,100,0.0,6.65871,0.0,2467,41.11143,601.8071
2021-11-07 00:00:00,430,24.875,100,0.0,6.2774,0.0,1399,41.11143,601.8071
2021-11-21 00:00:00,431,25.8125,100,0.0,6.33187,129.85301,828,41.48786,617.4929
2021-11-21 00:00:00,432,25.9375,100,0.0,6.33641,133.92024,845,41.48786,617.4929
2021-11-21 00:00:00,433,25.9375,100,0.0,6.33641,254.43057,868,41.48786,617.4929
2021-11-21 00:00:00,434,25.9375,100,1.561,6.34549,127.87219,919,41.48786,617.4929
2021-11-21 00:00:00,435,25.9375,100,0.0,6.34095,158.22548,922,41.48786,617.4929
2021-11-21 00:00:00,436,25.875,100,2.306,6.34095,339.83801,907,41.48786,617.4929
2021-11-21 00:00:00,437,26.0,100,1.142,6.34549,226.16016,934,41.48786,617.4929
2021-11-21 00:00:00,438,25.9375,100,1.465,6.34095,131.86873,933,41.48786,617.4929
2021-11-21 00:00:00,439,-127.0,100,1.543,6.32733,231.25386,873,41.48786,617.4929
2021-11-21 00:00:00,440,25.9375,100,30.476,6.34095,161.60397,816,41.48786,617.4929
2021-11-21 00:00:00,441,25.875,100,0.0,6.34095,303.96719,934,41.48786,617.4929
2021-11-21 00:00:00,442,26.0,100,2.132,6.34549,263.24252,922,41.48786,617.4929
2021-11-21 00:00:00,443,26.0,100,1.401,6.35003,116.0966,866,41.48786,617.4929
2021-11-21 00:00:00,444,25.9375,100,1.874,6.32733,150.91507,912,41.48786,617.4929
2021-11-21 00:00:00,445,25.9375,100,1.537,6.35003,141.02589,866,41.48786,617.4929
2021-11-21 00:00:00,446,26.0,100,0.0,6.34549,165.06514,910,41.48786,617.4929
2021-11-21 00:00:00,447,26.0,100,1.127,6.35003,142.49799,910,41.48786,617.4929
2021-11-21 00:00:00,448,26.0,100,1.926,6.34549,93.26026,897,41.48786,617.4929
2021-11-21 00:00:00,449,26.0,100,0.0,6.34549,159.90462,910,41.48786,617.4929
2021-11-21 00:00:00,450,25.9375,100,0.0,6.34095,134.61209,883,41.48786,617.4929
2021-11-21 00:00:00,451,26.0625,100,0.472,6.35003,168.61142,886,41.48786,617.4929
2021-11-21 00:00:00,452,26.0,100,0.0,6.35911,228.69054,907,41.48786,617.4929
2021-11-21 00:00:00,453,26.0,100,3.662,6.34095,6833.04736,1046,41.48786,617.4929
2021-11-21 00:00:00,454,26.0,100,2.992,6.35911,40.31041,937,41.48786,617.4929
2021-11-21 00:00:00,455,26.0625,100,2.345,6.35003,119.07129,914,41.48786,617.4929
2021-11-21 00:00:00,456,26.0,100,0.89,6.37727,305.74231,850,41.48786,617.4929
2021-12-05 00:00:00,457,27.375,-13,0.0,6.05951,0.0,897,44.54929,689.1429
2021-12-05 00:00:00,458,27.5625,-13,0.0,6.20931,0.00775,640,44.54929,689.1429
2021-12-05 00:00:00,459,27.8125,-13,0.0,6.06858,0.00415,508,44.54929,689.1429
2021-12-05 00:00:00,460,28.3125,-13,1.295,5.05628,0.0,560,44.54929,689.1429
2021-12-05 00:00:00,461,28.3125,-13,0.0,6.15937,4.49651,285,44.54929,689.1429
2021-12-05 00:00:00,462,28.25,-13,0.0,6.21385,0.00389,264,44.54929,689.1429
2021-12-05 00:00:00,463,28.3125,-13,0.0,5.93694,0.0,256,44.54929,689.1429
2021-12-05 00:00:00,464,28.1875,-13,0.0,5.01543,0.00481,464,44.54929,689.1429
2021-12-05 00:00:00,465,28.1875,-2,0.0,6.17753,0.00083,262,44.54929,689.1429
2021-12-05 00:00:00,466,28.1875,-13,0.0,6.22293,0.00448,303,44.54929,689.1429
2021-12-05 00:00:00,467,28.125,-13,0.0,6.22747,0.00478,296,44.54929,689.1429
2021-12-05 00:00:00,468,28.0625,-13,3.637,6.20477,0.00641,233,44.54929,689.1429
2021-12-05 00:00:00,469,28.0,-13,0.0,6.18661,0.00282,234,44.54929,689.1429
2021-12-05 00:00:00,470,27.9375,-13,32.411,6.20477,0.10116,243,44.54929,689.1429
2021-12-05 00:00:00,471,27.9375,-13,3.205,6.21385,0.00589,242,44.54929,689.1429
2021-12-05 00:00:00,472,27.8125,-13,0.224,6.20023,0.00399,237,44.54929,689.1429
2021-12-05 00:00:00,473,27.75,-13,1.107,6.20023,0.00604,240,44.54929,689.1429
2021-12-05 00:00:00,474,27.6875,-13,0.0,6.19569,0.00225,240,44.54929,689.1429
2021-12-05 00:00:00,475,27.6875,-13,5.731,6.18661,0.00608,231,44.54929,689.1429
2021-12-05 00:00:00,476,27.6875,-13,0.0,6.17299,0.00232,231,44.54929,689.1429
2021-12-05 00:00:00,477,27.625,-13,0.0,6.1276,0.00323,233,44.54929,689.1429
2021-12-05 00:00:00,478,27.625,-13,0.0,6.17299,0.00321,229,44.54929,689.1429
2021-12-05 00:00:00,479,27.5625,-13,0.0,6.19569,0.00328,229,44.54929,689.1429
2021-12-05 00:00:00,480,27.5,-13,0.0,6.17753,0.00263,222,44.54929,689.1429
2021-12-05 00:00:00,481,27.4375,-13,7.641,6.17299,0.01113,214,44.54929,689.1429
2021-12-05 00:00:00,482,27.4375,-13,0.0,6.16845,0.00274,222,44.54929,689.1429
2021-12-05 00:00:00,483,27.4375,-13,0.0,6.16845,0.00353,221,44.54929,689.1429
2021-12-05 00:00:00,484,27.4375,-13,0.0,6.11852,0.00249,221,44.54929,689.1429
2021-12-05 00:00:00,485,27.375,-13,0.0,6.18207,0.0027,220,44.54929,689.1429
2021-12-05 00:00:00,486,27.3125,-13,0.0,6.17753,0.00286,218,44.54929,689.1429
2021-12-05 00:00:00,487,27.3125,-13,0.0,6.16845,0.00402,214,44.54929,689.1429
2021-12-05 00:00:00,488,27.25,-13,6.642,6.15937,0.00958,214,44.54929,689.1429
2021-12-05 00:00:00,489,27.25,-13,4.001,6.07312,0.0031,211,44.54929,689.1429
2021-12-05 00:00:00,490,27.25,-13,2.279,6.15937,0.00312,210,44.54929,689.1429
2021-12-05 00:00:00,491,27.1875,-13,2.402,6.13214,0.00304,208,44.54929,689.1429
2021-12-05 00:00:00,492,27.125,-13,1.309,6.1276,0.00312,211,44.54929,689.1429
2021-12-05 00:00:00,493,27.125,-13,0.933,6.17299,0.00431,203,44.54929,689.1429
2021-12-05 00:00:00,494,27.0625,-13,0.969,6.13214,0.00284,209,44.54929,689.1429
2021-12-05 00:00:00,495,27.0625,-13,0.897,6.1276,0.0031,213,44.54929,689.1429
2021-12-05 00:00:00,496,27.0,-13,0.369,6.18661,0.00312,208,44.54929,689.1429
2021-12-05 00:00:00,497,27.0625,-13,0.39,6.16845,0.00472,208,44.54929,689.1429
2021-12-05 00:00:00,498,27.0625,-13,0.571,6.13214,0.00334,198,44.54929,689.1429
2021-12-05 00:00:00,499,27.125,-13,0.817,6.16391,0.00448,208,44.54929,689.1429
2021-12-05 00:00:00,500,27.125,-13,0.709,6.1276,0.00641,208,44.54929,689.1429
2021-12-05 00:00:00,501,27.0625,-13,0.868,6.15937,0.00394,208,44.54929,689.1429
2021-12-05 00:00:00,502,27.1875,-13,1.186,5.93694,0.0,217,44.54929,689.1429
2021-12-05 00:00:00,503,27.1875,-13,0.687,5.93694,0.00593,222,44.54929,689.1429
2021-12-05 00:00:00,504,27.1875,-13,0.39,5.96872,0.0,213,44.54929,689.1429
2021-12-05 00:00:00,505,27.25,-13,0.0,6.05497,0.00294,199,44.54929,689.1429
2021-12-05 00:00:00,506,27.25,-13,0.0,6.07312,0.00348,215,44.54929,689.1429
2021-12-05 00:00:00,507,27.3125,-13,0.0,6.09582,0.00518,207,44.54929,689.1429
2021-12-05 00:00:00,508,27.3125,-13,0.0,6.1276,0.00463,203,44.54929,689.1429
2021-12-05 00:00:00,509,27.375,-13,0.0,6.1276,0.00457,202,44.54929,689.1429
2021-12-05 00:00:00,510,27.375,-13,0.0,6.16845,0.00429,194,44.54929,689.1429
2021-12-05 00:00:00,511,27.375,-13,0.0,6.11398,0.00407,197,44.54929,689.1429
2021-12-05 00:00:00,512,27.375,-13,0.0,6.0822,0.00518,203,44.54929,689.1429
2021-12-05 00:00:00,513,27.375,-13,0.0,6.13214,0.0031,197,44.54929,689.1429
2021-12-05 00:00:00,514,27.4375,-13,0.0,6.05497,0.0049,202,44.54929,689.1429
2021-12-05 00:00:00,515,27.5,-13,0.014,6.1049,0.00355,193,44.54929,689.1429
2021-12-05 00:00:00,516,27.5,-13,0.007,6.10944,0.00372,202,44.54929,689.1429
2021-12-05 00:00:00,517,27.5,-13,0.0,6.1276,0.00561,202,44.54929,689.1429
2021-12-05 00:00:00,518,27.5625,-13,0.05,6.15937,0.00445,202,44.54929,689.1429
2021-12-05 00:00:00,519,27.5625,-13,0.26,6.15937,0.00622,202,44.54929,689.1429
2021-12-05 00:00:00,520,27.5625,-13,0.144,6.15937,0.00343,192,44.54929,689.1429
2021-12-05 00:00:00,521,27.5625,-13,0.217,6.17753,0.0044,203,44.54929,689.1429
2021-12-05 00:00:00,522,27.5625,-13,0.086,6.12306,0.006,203,44.54929,689.1429
2021-12-05 00:00:00,523,27.5625,-13,0.0,6.1276,0.00561,203,44.54929,689.1429
2021-12-05 00:00:00,524,27.5625,-13,0.014,6.12306,0.00484,203,44.54929,689.1429
2021-12-05 00:00:00,525,27.625,-13,0.0,6.1049,0.00348,202,44.54929,689.1429
2021-12-05 00:00:00,526,27.75,-13,0.0,6.16391,0.00407,202,44.54929,689.1429
2021-12-05 00:00:00,527,27.875,-13,0.0,6.16391,0.00364,199,44.54929,689.1429
2021-12-05 00:00:00,528,27.9375,-13,0.0,6.16845,0.00565,189,44.54929,689.1429
2021-12-05 00:00:00,529,27.9375,-13,0.0,6.10944,0.00593,197,44.54929,689.1429
2021-12-05 00:00:00,530,27.9375,-13,0.0,6.11852,0.0033,201,44.54929,689.1429
2021-12-05 00:00:00,531,28.0,-13,0.0,6.10036,0.00328,197,44.54929,689.1429
2021-12-05 00:00:00,532,27.9375,-13,0.0,6.1049,0.00323,197,44.54929,689.1429
2021-12-05 00:00:00,533,27.9375,-13,0.0,6.12306,0.00512,204,44.54929,689.1429
2021-12-05 00:00:00,534,28.0,-13,0.0,6.0822,0.00315,203,44.54929,689.1429
2021-12-05 00:00:00,535,28.125,-13,0.0,6.05043,0.00509,203,44.54929,689.1429
2021-12-05 00:00:00,536,28.1875,-13,0.0,6.04135,303.96719,205,44.54929,689.1429
2021-12-05 00:00:00,537,28.25,-13,0.0,6.05951,0.00399,205,44.54929,689.1429
2021-12-05 00:00:00,538,28.4375,-13,0.0,6.10944,0.0,203,44.54929,689.1429
2021-12-05 00:00:00,539,28.5625,-13,0.0,5.99595,0.0,203,44.54929,689.1429
2021-12-05 00:00:00,540,28.6875,-13,0.0,6.00503,0.00364,203,44.54929,689.1429
2021-12-05 00:00:00,541,28.8125,-13,0.0,6.00503,0.00328,202,44.54929,689.1429
2021-12-05 00:00:00,542,29.0,-13,0.0,6.00503,0.0035,199,44.54929,689.1429
2021-12-05 00:00:00,543,29.125,-13,0.0,6.06858,0.06526,202,44.54929,689.1429
2021-12-05 00:00:00,544,29.25,-13,0.0,6.03227,0.00357,199,44.54929,689.1429
2021-12-05 00:00:00,545,29.3125,-13,0.0,6.1049,0.00561,191,44.54929,689.1429
2021-12-05 00:00:00,546,29.3125,-13,0.0,6.11398,0.00256,192,44.54929,689.1429
2021-12-05 00:00:00,547,29.3125,-13,0.0,6.1049,0.00296,190,44.54929,689.1429
2021-12-05 00:00:00,548,29.375,-13,0.0,6.05497,0.00604,197,44.54929,689.1429
2021-12-05 00:00:00,549,29.3125,-13,0.0,5.98687,0.00619,202,44.54929,689.1429
2021-12-05 00:00:00,550,29.375,-13,0.0,6.00957,0.00575,201,44.54929,689.1429
2021-12-05 00:00:00,551,29.4375,-13,0.0,6.04135,0.00534,201,44.54929,689.1429
2021-12-05 00:00:00,552,29.5,-13,0.0,6.01865,0.00638,201,44.54929,689.1429
2021-12-05 00:00:00,553,25.6875,-8,0.0,8.48358,8642.90918,720,44.54929,689.1429
2021-12-05 00:00:00,554,25.6875,-10,0.0,8.48358,0.23756,1600,44.54929,689.1429
2021-12-05 00:00:00,555,25.6875,-11,0.0,8.55167,0.45866,1552,44.54929,689.1429
2021-12-05 00:00:00,556,25.6875,-11,0.0,8.48358,0.516,1521,44.54929,689.1429
2021-12-05 00:00:00,557,25.6875,-11,0.0,10.3039,0.57801,1486,44.54929,689.1429
2021-12-05 00:00:00,558,25.75,-12,0.0,9.70924,0.62801,1485,44.54929,689.1429
2021-12-05 00:00:00,559,25.6875,-12,0.0,9.28706,0.66197,1467,44.54929,689.1429
2021-12-05 00:00:00,560,25.6875,-11,0.0,8.37917,0.672,1454,44.54929,689.1429
2021-12-05 00:00:00,561,25.6875,-10,0.0,7.60746,0.7837,1399,44.54929,689.1429
2021-12-05 00:00:00,562,25.6875,-13,0.0,7.35779,0.87672,1410,44.54929,689.1429
2021-12-05 00:00:00,563,25.6875,-11,0.0,7.21707,0.88659,1391,44.54929,689.1429
2021-12-05 00:00:00,564,25.625,-13,0.0,7.08996,0.90329,1391,44.54929,689.1429
2021-12-05 00:00:00,565,25.6875,-11,0.0,6.95832,0.98053,1365,44.54929,689.1429
2021-12-05 00:00:00,566,25.6875,-11,0.0,6.99464,1.01397,1358,44.54929,689.1429
2021-12-05 00:00:00,567,31.0,36,0.0,-1.74383,0.00266,335,44.54929,689.1429
2021-12-05 00:00:00,568,31.625,36,0.0,-1.97535,1.04723,880,44.54929,689.1429
2021-12-05 00:00:00,569,31.6875,36,0.0,-1.95265,0.51277,816,44.54929,689.1429
2021-12-05 00:00:00,570,31.4375,36,0.0,-1.90272,0.37671,771,44.54929,689.1429
2021-12-05 00:00:00,571,26.875,-3,0.0,-1.73022,6.20674,726,44.54929,689.1429
2021-12-05 00:00:00,572,-127.0,-96,0.0,-1.59403,0.0,0,44.54929,689.1429
2021-12-05 00:00:00,573,-127.0,-96,0.0,-1.61673,0.0,0,44.54929,689.1429
2021-12-05 00:00:00,574,-127.0,-96,0.0,-1.63943,0.0,0,44.54929,689.1429
2021-12-05 00:00:00,575,-127.0,-96,0.0,-1.61673,0.0,0,44.54929,689.1429
2021-12-05 00:00:00,576,-127.0,-97,0.0,-1.63035,0.0,0,44.54929,689.1429
2021-12-05 00:00:00,577,26.625,-13,6.282,3.5401,1e-05,210,44.54929,689.1429
2021-12-05 00:00:00,578,26.5625,-13,11.94,3.39484,1e-05,175,44.54929,689.1429
2021-12-05 00:00:00,579,26.625,-13,8.604,3.15425,1e-05,178,44.54929,689.1429
2021-12-05 00:00:00,580,26.6875,-13,8.483,3.14971,1e-05,166,44.54929,689.1429
2021-12-05 00:00:00,581,26.6875,-13,9.115,3.12701,0.0,157,44.54929,689.1429
2021-12-05 00:00:00,582,26.6875,-13,9.876,3.12701,0.0,144,44.54929,689.1429
2021-12-05 00:00:00,583,26.625,-13,9.435,3.12701,1e-05,154,44.54929,689.1429
2021-12-05 00:00:00,584,26.6875,-13,9.96,3.11339,0.0,148,44.54929,689.1429
2021-12-05 00:00:00,585,26.6875,-13,8.97,3.11793,1e-05,154,44.54929,689.1429
2021-12-05 00:00:00,586,26.6875,-13,8.909,3.10885,0.0,155,44.54929,689.1429
2021-12-05 00:00:00,587,26.6875,-13,8.346,3.15425,0.0,158,44.54929,689.1429
2021-12-05 00:00:00,588,26.625,-13,8.353,3.10885,1e-05,165,44.54929,689.1429
2021-12-05 00:00:00,589,26.6875,-13,9.914,3.09524,0.0,166,44.54929,689.1429
2021-12-05 00:00:00,590,26.6875,-13,9.023,3.0907,0.0,161,44.54929,689.1429
2021-12-05 00:00:00,591,26.6875,-13,9.115,3.0907,1e-05,160,44.54929,689.1429
2021-12-05 00:00:00,592,26.6875,-13,8.559,3.10431,1e-05,176,44.54929,689.1429
2021-12-05 00:00:00,593,26.6875,-13,8.361,3.09524,1e-05,172,44.54929,689.1429
2021-12-05 00:00:00,594,26.6875,-13,12.343,3.10431,0.0,153,44.54929,689.1429
2021-12-05 00:00:00,595,26.6875,-13,9.16,3.08616,1e-05,151,44.54929,689.1429
2021-12-05 00:00:00,596,26.6875,-13,7.835,3.08162,1e-05,156,44.54929,689.1429
2021-12-05 00:00:00,597,26.6875,-13,9.625,3.08162,1e-05,157,44.54929,689.1429
2021-12-05 00:00:00,598,26.6875,-13,10.059,3.08616,1e-05,159,44.54929,689.1429
2021-12-05 00:00:00,599,26.6875,-13,9.115,3.08616,1e-05,160,44.54929,689.1429
2021-12-05 00:00:00,600,26.6875,-13,8.932,3.11793,1e-05,157,44.54929,689.1429
2021-12-05 00:00:00,601,26.6875,-13,9.061,3.07254,0.0,158,44.54929,689.1429
2021-12-05 00:00:00,602,26.6875,-13,8.757,3.05438,1e-05,163,44.54929,689.1429
2021-12-05 00:00:00,603,26.6875,-13,8.742,3.06346,0.0,164,44.54929,689.1429
2021-12-05 00:00:00,604,26.75,-13,8.909,3.07254,0.0,160,44.54929,689.1429
2021-12-05 00:00:00,605,26.6875,-13,8.65,3.06346,1e-05,157,44.54929,689.1429
2021-12-05 00:00:00,606,26.75,-13,9.846,3.05892,1e-05,161,44.54929,689.1429
2021-12-05 00:00:00,607,26.6875,-13,7.477,3.03622,1e-05,166,44.54929,689.1429
2021-12-05 00:00:00,608,26.6875,-13,8.65,3.05892,0.0,176,44.54929,689.1429
2021-12-05 00:00:00,609,26.625,-13,8.818,3.05438,0.0,176,44.54929,689.1429
2021-12-05 00:00:00,610,26.6875,-13,8.125,3.05438,1e-05,174,44.54929,689.1429
2021-12-05 00:00:00,611,26.625,-13,8.757,3.05438,0.0,172,44.54929,689.1429
2021-12-05 00:00:00,612,26.75,-13,3.563,3.07708,0.0,148,44.54929,689.1429
2021-12-05 00:00:00,613,26.75,-13,0.578,3.10431,0.0,160,44.54929,689.1429
2021-12-05 00:00:00,614,26.75,-13,1.157,3.16787,0.0,190,44.54929,689.1429
2021-12-05 00:00:00,615,26.75,-13,1.104,3.17241,0.0,192,44.54929,689.1429
2021-12-05 00:00:00,616,26.75,-13,1.484,3.17695,0.0,184,44.54929,689.1429
2021-12-05 00:00:00,617,26.8125,-13,0.601,3.19056,0.0,193,44.54929,689.1429
2021-12-05 00:00:00,618,26.8125,-13,0.571,3.19964,0.0,187,44.54929,689.1429
2021-12-05 00:00:00,619,-127.0,95,0.0,15.45166,0.0,0,44.54929,689.1429
2021-12-05 00:00:00,620,-127.0,95,0.0,15.45166,0.0,0,44.54929,689.1429
